Year,Rank,Country,Region,Happiness Score,GDP per Capita,Social Support,Healthy Life Expectancy,Freedom,Generosity,Corruption Perception
2015,1,Switzerland,Western Europe,7.587,1.397,1.350,0.941,0.666,0.297,0.420
2015,2,Iceland,Western Europe,7.561,1.302,1.402,0.948,0.629,0.436,0.141
2015,3,Denmark,Western Europe,7.527,1.325,1.361,0.875,0.649,0.341,0.484
2015,4,Norway,Western Europe,7.522,1.459,1.331,0.885,0.670,0.347,0.365
2015,5,Canada,North America,7.427,1.326,1.323,0.906,0.633,0.458,0.330
2015,6,Finland,Western Europe,7.406,1.290,1.318,0.889,0.642,0.234,0.414
2015,7,Netherlands,Western Europe,7.378,1.329,1.280,0.893,0.616,0.476,0.318
2015,8,Sweden,Western Europe,7.364,1.332,1.289,0.911,0.660,0.363,0.438
2015,9,New Zealand,Australia and New Zealand,7.286,1.250,1.320,0.908,0.639,0.475,0.429
2015,10,Australia,Australia and New Zealand,7.284,1.334,1.309,0.932,0.651,0.436,0.356
2015,11,Israel,Middle East and Northern Africa,7.278,1.229,1.224,0.914,0.413,0.332,0.078
2015,12,Costa Rica,Latin America and Caribbean,7.226,0.956,1.238,0.860,0.634,0.255,0.106
2015,13,Austria,Western Europe,7.200,1.337,1.297,0.890,0.624,0.331,0.187
2015,14,Mexico,Latin America and Caribbean,7.187,1.021,0.915,0.814,0.482,0.141,0.213
2015,15,United States,North America,7.119,1.395,1.247,0.862,0.546,0.401,0.159
2015,16,Brazil,Latin America and Caribbean,6.983,0.981,1.233,0.697,0.490,0.146,0.175
2015,17,Luxembourg,Western Europe,6.946,1.564,1.220,0.919,0.616,0.280,0.378
2015,18,Ireland,Western Europe,6.940,1.336,1.369,0.895,0.618,0.459,0.287
2015,19,Belgium,Western Europe,6.937,1.308,1.286,0.897,0.584,0.222,0.225
2015,20,United Arab Emirates,Middle East and Northern Africa,6.901,1.427,1.126,0.809,0.642,0.264,0.386
2015,21,United Kingdom,Western Europe,6.867,1.266,1.285,0.909,0.596,0.519,0.321
2015,22,Oman,Middle East and Northern Africa,6.853,1.360,1.082,0.763,0.633,0.215,0.325
2015,23,Venezuela,Latin America and Caribbean,6.810,1.044,1.256,0.721,0.429,0.058,0.111
2015,24,Singapore,Southeastern Asia,6.798,1.522,1.020,1.025,0.543,0.311,0.492
2015,25,Panama,Latin America and Caribbean,6.786,1.064,1.198,0.797,0.542,0.244,0.093
2015,26,Germany,Western Europe,6.750,1.328,1.299,0.892,0.615,0.282,0.218
2015,27,Chile,Latin America and Caribbean,6.670,1.107,1.124,0.859,0.441,0.334,0.129
2015,28,Qatar,Middle East and Northern Africa,6.611,1.690,1.079,0.797,0.640,0.326,0.522
2015,29,France,Western Europe,6.575,1.278,1.260,0.946,0.550,0.123,0.206
2015,30,Argentina,Latin America and Caribbean,6.574,1.054,1.248,0.787,0.450,0.115,0.085
2015,31,Czech Republic,Central and Eastern Europe,6.505,1.179,1.206,0.845,0.464,0.107,0.027
2015,32,Uruguay,Latin America and Caribbean,6.485,1.062,1.209,0.812,0.604,0.232,0.246
2015,33,Colombia,Latin America and Caribbean,6.477,0.919,1.240,0.691,0.535,0.184,0.051
2015,34,Thailand,Southeastern Asia,6.455,0.967,1.265,0.738,0.557,0.576,0.032
2015,35,Saudi Arabia,Middle East and Northern Africa,6.411,1.395,1.084,0.720,0.310,0.137,0.325
2015,36,Spain,Western Europe,6.329,1.230,1.314,0.956,0.460,0.182,0.064
2015,37,Malta,Western Europe,6.302,1.207,1.302,0.887,0.604,0.518,0.136
2015,38,Taiwan,Eastern Asia,6.298,1.291,1.076,0.875,0.397,0.254,0.081
2015,39,Kuwait,Middle East and Northern Africa,6.295,1.554,1.166,0.725,0.555,0.162,0.256
2015,40,Suriname,Latin America and Caribbean,6.269,0.995,0.972,0.608,0.597,0.170,0.136
2015,41,Trinidad and Tobago,Latin America and Caribbean,6.168,1.212,1.184,0.615,0.559,0.318,0.011
2015,42,El Salvador,Latin America and Caribbean,6.130,0.765,1.025,0.677,0.404,0.107,0.118
2015,43,Guatemala,Latin America and Caribbean,6.123,0.746,1.044,0.644,0.577,0.275,0.095
2015,44,Uzbekistan,Central and Eastern Europe,6.003,0.632,1.340,0.598,0.658,0.228,0.308
2015,45,Slovakia,Central and Eastern Europe,5.995,1.169,1.270,0.789,0.318,0.169,0.034
2015,46,Japan,Eastern Asia,5.987,1.271,1.257,0.991,0.496,0.107,0.181
2015,47,South Korea,Eastern Asia,5.984,1.245,0.958,0.965,0.332,0.186,0.079
2015,48,Ecuador,Latin America and Caribbean,5.975,0.864,0.999,0.791,0.486,0.115,0.181
2015,49,Bahrain,Middle East and Northern Africa,5.960,1.324,1.216,0.747,0.455,0.174,0.306
2015,50,Italy,Western Europe,5.948,1.251,1.198,0.954,0.262,0.228,0.029
2015,51,Bolivia,Latin America and Caribbean,5.890,0.681,0.978,0.539,0.574,0.205,0.088
2015,52,Moldova,Central and Eastern Europe,5.889,0.594,1.015,0.618,0.328,0.210,0.016
2015,53,Paraguay,Latin America and Caribbean,5.878,0.760,1.305,0.661,0.539,0.342,0.082
2015,54,Kazakhstan,Central and Eastern Europe,5.855,1.123,1.122,0.644,0.516,0.118,0.085
2015,55,Slovenia,Central and Eastern Europe,5.848,1.185,1.274,0.873,0.609,0.253,0.038
2015,56,Lithuania,Central and Eastern Europe,5.833,1.147,1.257,0.731,0.213,0.026,0.010
2015,57,Nicaragua,Latin America and Caribbean,5.828,0.593,1.142,0.743,0.555,0.278,0.193
2015,58,Peru,Latin America and Caribbean,5.824,0.900,0.975,0.730,0.415,0.150,0.060
2015,59,Belarus,Central and Eastern Europe,5.813,1.032,1.233,0.736,0.379,0.110,0.191
2015,60,Poland,Central and Eastern Europe,5.791,1.126,1.279,0.779,0.531,0.168,0.042
2015,61,Malaysia,Southeastern Asia,5.770,1.125,1.070,0.724,0.530,0.331,0.105
2015,62,Croatia,Central and Eastern Europe,5.759,1.083,0.796,0.788,0.259,0.054,0.024
2015,63,Libya,Middle East and Northern Africa,5.754,1.131,1.119,0.704,0.417,0.183,0.110
2015,64,Russia,Central and Eastern Europe,5.716,1.138,1.236,0.669,0.367,0.002,0.030
2015,65,Jamaica,Latin America and Caribbean,5.709,0.810,1.151,0.687,0.504,0.212,0.023
2015,66,North Cyprus,Western Europe,5.695,1.208,1.070,0.924,0.490,0.262,0.143
2015,67,Cyprus,Western Europe,5.689,1.208,0.893,0.924,0.407,0.306,0.061
2015,68,Algeria,Middle East and Northern Africa,5.605,0.939,1.078,0.618,0.286,0.078,0.174
2015,69,Kosovo,Central and Eastern Europe,5.589,0.801,0.812,0.631,0.247,0.283,0.047
2015,70,Turkmenistan,Central and Eastern Europe,5.548,0.958,1.227,0.539,0.476,0.170,0.308
2015,71,Mauritius,Sub-Saharan Africa,5.477,1.008,0.985,0.710,0.561,0.377,0.075
2015,72,Hong Kong,Eastern Asia,5.474,1.386,1.058,1.013,0.596,0.395,0.371
2015,73,Estonia,Central and Eastern Europe,5.429,1.152,1.228,0.774,0.449,0.087,0.152
2015,74,Indonesia,Southeastern Asia,5.399,0.828,1.087,0.638,0.466,0.515,0.000
2015,75,Vietnam,Southeastern Asia,5.360,0.632,0.912,0.747,0.594,0.169,0.104
2015,76,Turkey,Middle East and Northern Africa,5.332,1.061,0.946,0.732,0.228,0.123,0.157
2015,77,Kyrgyzstan,Central and Eastern Europe,5.286,0.474,1.151,0.651,0.435,0.300,0.042
2015,78,Nigeria,Sub-Saharan Africa,5.268,0.654,0.904,0.160,0.343,0.272,0.040
2015,79,Bhutan,Southern Asia,5.253,0.770,1.104,0.574,0.532,0.480,0.154
2015,80,Azerbaijan,Central and Eastern Europe,5.212,1.024,0.938,0.640,0.370,0.078,0.161
2015,81,Pakistan,Southern Asia,5.194,0.595,0.414,0.515,0.121,0.337,0.105
2015,82,Jordan,Middle East and Northern Africa,5.192,0.902,1.054,0.696,0.407,0.111,0.143
2015,82,Montenegro,Central and Eastern Europe,5.192,0.974,0.906,0.725,0.183,0.161,0.143
2015,84,China,Eastern Asia,5.140,0.890,0.947,0.817,0.517,0.082,0.028
2015,85,Zambia,Sub-Saharan Africa,5.129,0.470,0.916,0.299,0.488,0.196,0.125
2015,86,Romania,Central and Eastern Europe,5.124,1.043,0.886,0.769,0.351,0.137,0.006
2015,87,Serbia,Central and Eastern Europe,5.123,0.921,1.010,0.748,0.201,0.192,0.026
2015,88,Portugal,Western Europe,5.102,1.160,1.139,0.875,0.515,0.137,0.011
2015,89,Latvia,Central and Eastern Europe,5.098,1.113,1.096,0.724,0.297,0.182,0.063
2015,90,Philippines,Southeastern Asia,5.073,0.705,1.035,0.581,0.625,0.250,0.123
2015,91,Somaliland region,Sub-Saharan Africa,5.057,0.188,0.952,0.439,0.466,0.503,0.399
2015,92,Morocco,Middle East and Northern Africa,5.013,0.735,0.641,0.610,0.417,0.072,0.085
2015,93,Macedonia,Central and Eastern Europe,5.007,0.919,1.002,0.735,0.335,0.224,0.053
2015,94,Mozambique,Sub-Saharan Africa,4.971,0.083,1.026,0.091,0.340,0.223,0.156
2015,95,Albania,Central and Eastern Europe,4.959,0.879,0.804,0.813,0.357,0.143,0.064
2015,96,Bosnia and Herzegovina,Central and Eastern Europe,4.949,0.832,0.919,0.791,0.092,0.248,0.002
2015,97,Lesotho,Sub-Saharan Africa,4.898,0.375,1.041,0.076,0.318,0.164,0.125
2015,98,Dominican Republic,Latin America and Caribbean,4.885,0.895,1.172,0.668,0.577,0.217,0.142
2015,99,Laos,Southeastern Asia,4.876,0.591,0.738,0.549,0.596,0.422,0.242
2015,100,Mongolia,Eastern Asia,4.874,0.828,1.301,0.603,0.436,0.332,0.027
2015,101,Swaziland,Sub-Saharan Africa,4.867,0.712,1.073,0.076,0.307,0.183,0.031
2015,102,Greece,Western Europe,4.857,1.154,0.929,0.882,0.077,0.000,0.014
2015,103,Lebanon,Middle East and Northern Africa,4.839,1.026,0.800,0.839,0.339,0.219,0.046
2015,104,Hungary,Central and Eastern Europe,4.800,1.121,1.202,0.759,0.321,0.128,0.028
2015,105,Honduras,Latin America and Caribbean,4.788,0.595,0.953,0.695,0.401,0.230,0.068
2015,106,Tajikistan,Central and Eastern Europe,4.786,0.390,0.856,0.574,0.472,0.230,0.151
2015,107,Tunisia,Middle East and Northern Africa,4.739,0.881,0.604,0.738,0.263,0.064,0.064
2015,108,Palestinian Territories,Middle East and Northern Africa,4.715,0.599,0.926,0.660,0.245,0.113,0.129
2015,109,Bangladesh,Southern Asia,4.694,0.398,0.431,0.602,0.408,0.212,0.126
2015,110,Iran,Middle East and Northern Africa,4.686,1.009,0.544,0.698,0.300,0.381,0.059
2015,111,Ukraine,Central and Eastern Europe,4.681,0.799,1.203,0.674,0.251,0.153,0.030
2015,112,Iraq,Middle East and Northern Africa,4.677,0.985,0.819,0.602,0.000,0.179,0.138
2015,113,South Africa,Sub-Saharan Africa,4.642,0.920,1.185,0.277,0.332,0.120,0.089
2015,114,Ghana,Sub-Saharan Africa,4.633,0.546,0.680,0.401,0.423,0.231,0.044
2015,115,Zimbabwe,Sub-Saharan Africa,4.610,0.271,1.033,0.335,0.259,0.190,0.081
2015,116,Liberia,Sub-Saharan Africa,4.571,0.071,0.790,0.342,0.285,0.244,0.062
2015,117,India,Southern Asia,4.565,0.645,0.382,0.515,0.398,0.265,0.085
2015,118,Sudan,Sub-Saharan Africa,4.550,0.521,1.014,0.369,0.101,0.191,0.147
2015,119,Haiti,Latin America and Caribbean,4.518,0.267,0.743,0.388,0.244,0.462,0.172
2015,120,Congo (Kinshasa),Sub-Saharan Africa,4.517,0.000,1.001,0.098,0.226,0.248,0.076
2015,121,Nepal,Southern Asia,4.514,0.360,0.864,0.569,0.383,0.323,0.059
2015,122,Ethiopia,Sub-Saharan Africa,4.512,0.191,0.604,0.441,0.434,0.243,0.150
2015,123,Sierra Leone,Sub-Saharan Africa,4.507,0.330,0.956,0.000,0.408,0.215,0.088
2015,124,Mauritania,Sub-Saharan Africa,4.436,0.454,0.869,0.359,0.242,0.219,0.175
2015,125,Kenya,Sub-Saharan Africa,4.419,0.365,0.999,0.414,0.422,0.375,0.058
2015,126,Djibouti,Sub-Saharan Africa,4.369,0.440,0.592,0.363,0.461,0.181,0.281
2015,127,Armenia,Central and Eastern Europe,4.350,0.768,0.777,0.730,0.198,0.079,0.039
2015,128,Botswana,Sub-Saharan Africa,4.332,0.994,1.105,0.048,0.495,0.105,0.125
2015,129,Myanmar,Southeastern Asia,4.307,0.271,0.709,0.482,0.440,0.796,0.190
2015,130,Georgia,Central and Eastern Europe,4.297,0.742,0.386,0.729,0.406,0.055,0.383
2015,131,Malawi,Sub-Saharan Africa,4.292,0.016,0.411,0.226,0.431,0.331,0.070
2015,132,Sri Lanka,Southern Asia,4.271,0.835,1.019,0.708,0.537,0.408,0.092
2015,133,Cameroon,Sub-Saharan Africa,4.252,0.422,0.888,0.234,0.493,0.206,0.058
2015,134,Bulgaria,Central and Eastern Europe,4.218,1.012,1.106,0.766,0.306,0.119,0.009
2015,135,Egypt,Middle East and Northern Africa,4.194,0.882,0.747,0.617,0.173,0.113,0.063
2015,136,Yemen,Middle East and Northern Africa,4.077,0.546,0.681,0.401,0.356,0.091,0.079
2015,137,Angola,Sub-Saharan Africa,4.033,0.758,0.860,0.167,0.104,0.123,0.071
2015,138,Mali,Sub-Saharan Africa,3.995,0.261,1.035,0.206,0.389,0.188,0.124
2015,139,Congo (Brazzaville),Sub-Saharan Africa,3.989,0.679,0.663,0.311,0.415,0.124,0.117
2015,140,Comoros,Sub-Saharan Africa,3.956,0.239,0.793,0.363,0.229,0.174,0.199
2015,141,Uganda,Sub-Saharan Africa,3.931,0.211,1.133,0.339,0.457,0.291,0.073
2015,142,Senegal,Sub-Saharan Africa,3.904,0.365,0.976,0.435,0.368,0.208,0.107
2015,143,Gabon,Sub-Saharan Africa,3.896,1.060,0.905,0.434,0.319,0.068,0.111
2015,144,Niger,Sub-Saharan Africa,3.845,0.069,0.773,0.297,0.477,0.194,0.156
2015,145,Cambodia,Southeastern Asia,3.819,0.460,0.627,0.611,0.662,0.404,0.072
2015,146,Tanzania,Sub-Saharan Africa,3.781,0.285,1.003,0.382,0.329,0.344,0.057
2015,147,Madagascar,Sub-Saharan Africa,3.681,0.208,0.668,0.467,0.192,0.213,0.081
2015,148,Central African Republic,Sub-Saharan Africa,3.678,0.078,0.000,0.067,0.489,0.238,0.083
2015,149,Chad,Sub-Saharan Africa,3.667,0.342,0.761,0.150,0.235,0.184,0.053
2015,150,Guinea,Sub-Saharan Africa,3.656,0.174,0.465,0.240,0.377,0.287,0.121
2015,151,Ivory Coast,Sub-Saharan Africa,3.655,0.465,0.771,0.152,0.469,0.202,0.179
2015,152,Burkina Faso,Sub-Saharan Africa,3.587,0.258,0.852,0.271,0.395,0.217,0.128
2015,153,Afghanistan,Southern Asia,3.575,0.320,0.303,0.303,0.234,0.365,0.097
2015,154,Rwanda,Sub-Saharan Africa,3.465,0.222,0.774,0.429,0.592,0.226,0.552
2015,155,Benin,Sub-Saharan Africa,3.340,0.287,0.354,0.319,0.484,0.183,0.080
2015,156,Syria,Middle East and Northern Africa,3.006,0.663,0.475,0.722,0.157,0.472,0.189
2015,157,Burundi,Sub-Saharan Africa,2.905,0.015,0.416,0.224,0.118,0.197,0.101
2015,158,Togo,Sub-Saharan Africa,2.839,0.209,0.140,0.284,0.365,0.167,0.107
2016,1,Denmark,Western Europe,7.526,1.442,1.164,0.795,0.579,0.362,0.445
2016,2,Switzerland,Western Europe,7.509,1.527,1.145,0.863,0.586,0.281,0.412
2016,3,Iceland,Western Europe,7.501,1.427,1.183,0.867,0.566,0.477,0.150
2016,4,Norway,Western Europe,7.498,1.577,1.127,0.796,0.596,0.379,0.358
2016,5,Finland,Western Europe,7.413,1.406,1.135,0.811,0.571,0.255,0.410
2016,6,Canada,North America,7.404,1.440,1.096,0.828,0.574,0.448,0.313
2016,7,Netherlands,Western Europe,7.339,1.465,1.029,0.812,0.552,0.474,0.299
2016,8,New Zealand,Australia and New Zealand,7.334,1.361,1.173,0.831,0.581,0.494,0.419
2016,9,Australia,Australia and New Zealand,7.313,1.444,1.105,0.851,0.568,0.474,0.323
2016,10,Sweden,Western Europe,7.291,1.452,1.088,0.831,0.582,0.383,0.409
2016,11,Israel,Middle East and Northern Africa,7.267,1.338,0.995,0.849,0.364,0.323,0.087
2016,12,Austria,Western Europe,7.119,1.450,1.084,0.806,0.544,0.329,0.213
2016,13,United States,North America,7.104,1.508,1.048,0.779,0.482,0.411,0.149
2016,14,Costa Rica,Latin America and Caribbean,7.087,1.069,1.022,0.761,0.552,0.226,0.105
2016,15,Puerto Rico,Latin America and Caribbean,7.039,1.359,1.081,0.778,0.468,0.222,0.123
2016,16,Germany,Western Europe,6.994,1.448,1.098,0.815,0.535,0.305,0.286
2016,17,Brazil,Latin America and Caribbean,6.952,1.088,1.039,0.614,0.404,0.158,0.142
2016,18,Belgium,Western Europe,6.929,1.425,1.052,0.820,0.514,0.242,0.262
2016,19,Ireland,Western Europe,6.907,1.483,1.162,0.815,0.540,0.450,0.298
2016,20,Luxembourg,Western Europe,6.871,1.698,1.040,0.845,0.549,0.276,0.353
2016,21,Mexico,Latin America and Caribbean,6.778,1.115,0.715,0.711,0.377,0.117,0.184
2016,22,Singapore,Southeastern Asia,6.739,1.646,0.868,0.947,0.488,0.327,0.470
2016,23,United Kingdom,Western Europe,6.725,1.403,1.087,0.810,0.500,0.502,0.274
2016,24,Chile,Latin America and Caribbean,6.705,1.217,0.906,0.819,0.378,0.316,0.115
2016,25,Panama,Latin America and Caribbean,6.701,1.183,0.989,0.708,0.489,0.242,0.084
2016,26,Argentina,Latin America and Caribbean,6.650,1.151,1.066,0.697,0.423,0.110,0.073
2016,27,Czech Republic,Central and Eastern Europe,6.596,1.309,1.008,0.764,0.414,0.099,0.040
2016,28,United Arab Emirates,Middle East and Northern Africa,6.573,1.574,0.871,0.730,0.562,0.266,0.356
2016,29,Uruguay,Latin America and Caribbean,6.545,1.182,1.031,0.722,0.544,0.181,0.214
2016,30,Malta,Western Europe,6.488,1.308,1.099,0.803,0.550,0.562,0.176
2016,31,Colombia,Latin America and Caribbean,6.481,1.030,1.022,0.597,0.447,0.156,0.054
2016,32,France,Western Europe,6.478,1.395,1.005,0.838,0.466,0.122,0.178
2016,33,Thailand,Southeastern Asia,6.474,1.089,1.045,0.649,0.496,0.587,0.028
2016,34,Saudi Arabia,Middle East and Northern Africa,6.379,1.490,0.848,0.593,0.379,0.155,0.300
2016,34,Taiwan,Eastern Asia,6.379,1.397,0.926,0.796,0.324,0.255,0.066
2016,36,Qatar,Middle East and Northern Africa,6.375,1.824,0.880,0.717,0.567,0.324,0.480
2016,37,Spain,Western Europe,6.361,1.343,1.129,0.879,0.375,0.177,0.061
2016,38,Algeria,Middle East and Northern Africa,6.355,1.053,0.833,0.618,0.210,0.070,0.162
2016,39,Guatemala,Latin America and Caribbean,6.324,0.835,0.871,0.540,0.504,0.288,0.087
2016,40,Suriname,Latin America and Caribbean,6.269,1.097,0.779,0.509,0.522,0.167,0.127
2016,41,Kuwait,Middle East and Northern Africa,6.239,1.617,0.878,0.636,0.432,0.160,0.237
2016,42,Bahrain,Middle East and Northern Africa,6.218,1.440,0.944,0.657,0.474,0.171,0.258
2016,43,Trinidad and Tobago,Latin America and Caribbean,6.168,1.326,0.986,0.526,0.485,0.319,0.012
2016,44,Venezuela,Latin America and Caribbean,6.084,1.134,1.033,0.619,0.198,0.042,0.083
2016,45,Slovakia,Central and Eastern Europe,6.078,1.280,1.083,0.704,0.234,0.138,0.029
2016,46,El Salvador,Latin America and Caribbean,6.068,0.874,0.810,0.596,0.373,0.089,0.106
2016,47,Malaysia,Southeastern Asia,6.005,1.251,0.880,0.624,0.390,0.415,0.091
2016,48,Nicaragua,Latin America and Caribbean,5.992,0.694,0.895,0.652,0.466,0.298,0.163
2016,49,Uzbekistan,Central and Eastern Europe,5.987,0.736,1.168,0.502,0.608,0.343,0.283
2016,50,Italy,Western Europe,5.977,1.355,1.042,0.851,0.188,0.167,0.026
2016,51,Ecuador,Latin America and Caribbean,5.976,0.973,0.860,0.686,0.403,0.101,0.180
2016,52,Belize,Latin America and Caribbean,5.956,0.876,0.687,0.456,0.512,0.237,0.108
2016,53,Japan,Eastern Asia,5.921,1.380,1.061,0.915,0.468,0.102,0.190
2016,54,Kazakhstan,Central and Eastern Europe,5.919,1.229,0.955,0.574,0.405,0.150,0.111
2016,55,Moldova,Central and Eastern Europe,5.897,0.692,0.831,0.523,0.252,0.200,0.019
2016,56,Russia,Central and Eastern Europe,5.856,1.232,1.053,0.590,0.327,0.027,0.036
2016,57,Poland,Central and Eastern Europe,5.835,1.246,1.047,0.691,0.452,0.144,0.055
2016,57,South Korea,Eastern Asia,5.835,1.359,0.722,0.886,0.252,0.188,0.077
2016,59,Bolivia,Latin America and Caribbean,5.822,0.794,0.838,0.470,0.510,0.217,0.077
2016,60,Lithuania,Central and Eastern Europe,5.813,1.269,1.064,0.647,0.189,0.020,0.018
2016,61,Belarus,Central and Eastern Europe,5.802,1.131,1.050,0.631,0.291,0.139,0.175
2016,62,North Cyprus,Western Europe,5.771,1.311,0.818,0.841,0.436,0.263,0.166
2016,63,Slovenia,Central and Eastern Europe,5.768,1.299,1.056,0.792,0.532,0.257,0.036
2016,64,Peru,Latin America and Caribbean,5.743,0.996,0.813,0.630,0.375,0.145,0.053
2016,65,Turkmenistan,Central and Eastern Europe,5.658,1.080,1.038,0.440,0.374,0.226,0.285
2016,66,Mauritius,Sub-Saharan Africa,5.648,1.144,0.757,0.662,0.461,0.370,0.052
2016,67,Libya,Middle East and Northern Africa,5.615,1.067,0.951,0.523,0.407,0.171,0.103
2016,68,Latvia,Central and Eastern Europe,5.560,1.218,0.950,0.640,0.280,0.174,0.089
2016,69,Cyprus,Western Europe,5.546,1.319,0.707,0.849,0.295,0.279,0.052
2016,70,Paraguay,Latin America and Caribbean,5.538,0.894,1.111,0.583,0.462,0.253,0.074
2016,71,Romania,Central and Eastern Europe,5.528,1.170,0.728,0.676,0.367,0.129,0.007
2016,72,Estonia,Central and Eastern Europe,5.517,1.280,1.052,0.681,0.415,0.084,0.185
2016,73,Jamaica,Latin America and Caribbean,5.510,0.893,0.964,0.595,0.436,0.222,0.043
2016,74,Croatia,Central and Eastern Europe,5.488,1.186,0.608,0.705,0.239,0.184,0.040
2016,75,Hong Kong,Eastern Asia,5.458,1.511,0.870,0.953,0.481,0.401,0.316
2016,76,Somalia,Sub-Saharan Africa,5.440,0.000,0.336,0.115,0.568,0.272,0.312
2016,77,Kosovo,Central and Eastern Europe,5.401,0.901,0.661,0.540,0.144,0.280,0.065
2016,78,Turkey,Middle East and Northern Africa,5.389,1.165,0.877,0.647,0.239,0.047,0.123
2016,79,Indonesia,Southeastern Asia,5.314,0.951,0.876,0.494,0.392,0.565,0.003
2016,80,Jordan,Middle East and Northern Africa,5.303,0.997,0.862,0.607,0.360,0.143,0.133
2016,81,Azerbaijan,Central and Eastern Europe,5.291,1.124,0.760,0.545,0.353,0.056,0.179
2016,82,Philippines,Southeastern Asia,5.279,0.812,0.879,0.470,0.549,0.217,0.118
2016,83,China,Eastern Asia,5.245,1.028,0.794,0.736,0.440,0.050,0.027
2016,84,Bhutan,Southern Asia,5.196,0.853,0.908,0.498,0.461,0.485,0.162
2016,85,Kyrgyzstan,Central and Eastern Europe,5.185,0.560,0.954,0.554,0.402,0.384,0.048
2016,86,Serbia,Central and Eastern Europe,5.177,1.034,0.813,0.646,0.157,0.207,0.043
2016,87,Bosnia and Herzegovina,Central and Eastern Europe,5.163,0.934,0.644,0.708,0.095,0.299,0.000
2016,88,Montenegro,Central and Eastern Europe,5.161,1.078,0.742,0.635,0.151,0.172,0.127
2016,89,Dominican Republic,Latin America and Caribbean,5.155,1.028,0.995,0.577,0.523,0.213,0.124
2016,90,Morocco,Middle East and Northern Africa,5.151,0.841,0.386,0.595,0.256,0.041,0.084
2016,91,Hungary,Central and Eastern Europe,5.145,1.241,0.932,0.676,0.198,0.099,0.045
2016,92,Pakistan,Southern Asia,5.132,0.688,0.261,0.403,0.146,0.312,0.139
2016,93,Lebanon,Middle East and Northern Africa,5.129,1.123,0.642,0.762,0.262,0.237,0.031
2016,94,Portugal,Western Europe,5.123,1.276,0.944,0.794,0.447,0.117,0.015
2016,95,Macedonia,Central and Eastern Europe,5.121,1.019,0.782,0.647,0.277,0.235,0.070
2016,96,Vietnam,Southeastern Asia,5.061,0.740,0.791,0.662,0.560,0.251,0.116
2016,97,Somaliland Region,Sub-Saharan Africa,5.057,0.256,0.759,0.331,0.391,0.515,0.368
2016,98,Tunisia,Middle East and Northern Africa,5.045,0.977,0.432,0.596,0.236,0.039,0.082
2016,99,Greece,Western Europe,5.033,1.249,0.755,0.800,0.058,0.000,0.041
2016,100,Tajikistan,Central and Eastern Europe,4.996,0.488,0.756,0.531,0.434,0.260,0.135
2016,101,Mongolia,Eastern Asia,4.907,0.989,1.090,0.555,0.360,0.345,0.033
2016,102,Laos,Southeastern Asia,4.876,0.680,0.550,0.383,0.522,0.431,0.224
2016,103,Nigeria,Sub-Saharan Africa,4.875,0.752,0.645,0.051,0.279,0.232,0.030
2016,104,Honduras,Latin America and Caribbean,4.871,0.694,0.756,0.584,0.268,0.204,0.069
2016,105,Iran,Middle East and Northern Africa,4.813,1.118,0.389,0.642,0.225,0.385,0.056
2016,106,Zambia,Sub-Saharan Africa,4.795,0.612,0.638,0.236,0.427,0.179,0.115
2016,107,Nepal,Southern Asia,4.793,0.446,0.697,0.501,0.370,0.382,0.070
2016,108,Palestinian Territories,Middle East and Northern Africa,4.754,0.670,0.716,0.568,0.177,0.112,0.106
2016,109,Albania,Central and Eastern Europe,4.655,0.955,0.502,0.730,0.319,0.168,0.053
2016,110,Bangladesh,Southern Asia,4.643,0.542,0.247,0.530,0.398,0.191,0.126
2016,111,Sierra Leone,Sub-Saharan Africa,4.635,0.365,0.628,0.000,0.307,0.239,0.082
2016,112,Iraq,Middle East and Northern Africa,4.575,1.075,0.592,0.511,0.249,0.196,0.136
2016,113,Namibia,Sub-Saharan Africa,4.574,0.933,0.704,0.347,0.486,0.078,0.104
2016,114,Cameroon,Sub-Saharan Africa,4.513,0.525,0.625,0.127,0.427,0.227,0.061
2016,115,Ethiopia,Sub-Saharan Africa,4.508,0.293,0.379,0.346,0.367,0.295,0.172
2016,116,South Africa,Sub-Saharan Africa,4.459,1.024,0.961,0.186,0.425,0.137,0.084
2016,117,Sri Lanka,Southern Asia,4.415,0.973,0.848,0.620,0.508,0.470,0.080
2016,118,India,Southern Asia,4.404,0.740,0.292,0.451,0.403,0.250,0.087
2016,119,Myanmar,Southeastern Asia,4.395,0.341,0.700,0.399,0.427,0.820,0.202
2016,120,Egypt,Middle East and Northern Africa,4.362,0.954,0.498,0.521,0.188,0.127,0.104
2016,121,Armenia,Central and Eastern Europe,4.360,0.861,0.625,0.641,0.140,0.078,0.036
2016,122,Kenya,Sub-Saharan Africa,4.356,0.523,0.762,0.301,0.406,0.413,0.067
2016,123,Ukraine,Central and Eastern Europe,4.324,0.873,1.014,0.586,0.129,0.204,0.018
2016,124,Ghana,Sub-Saharan Africa,4.276,0.631,0.494,0.297,0.410,0.212,0.033
2016,125,Congo (Kinshasa),Sub-Saharan Africa,4.272,0.057,0.807,0.188,0.156,0.255,0.061
2016,126,Georgia,Central and Eastern Europe,4.252,0.838,0.192,0.640,0.325,0.068,0.319
2016,127,Congo (Brazzaville),Sub-Saharan Africa,4.236,0.771,0.478,0.282,0.379,0.121,0.098
2016,128,Senegal,Sub-Saharan Africa,4.219,0.443,0.774,0.405,0.311,0.191,0.117
2016,129,Bulgaria,Central and Eastern Europe,4.217,1.113,0.925,0.678,0.212,0.128,0.006
2016,130,Mauritania,Sub-Saharan Africa,4.201,0.614,0.841,0.286,0.127,0.227,0.180
2016,131,Zimbabwe,Sub-Saharan Africa,4.193,0.350,0.715,0.160,0.254,0.185,0.086
2016,132,Malawi,Sub-Saharan Africa,4.156,0.087,0.147,0.294,0.414,0.310,0.076
2016,133,Sudan,Sub-Saharan Africa,4.139,0.631,0.819,0.298,0.000,0.181,0.100
2016,134,Gabon,Sub-Saharan Africa,4.121,1.159,0.724,0.349,0.281,0.062,0.093
2016,135,Mali,Sub-Saharan Africa,4.073,0.313,0.863,0.163,0.275,0.211,0.136
2016,136,Haiti,Latin America and Caribbean,4.028,0.341,0.296,0.275,0.121,0.480,0.145
2016,137,Botswana,Sub-Saharan Africa,3.974,1.094,0.892,0.348,0.441,0.124,0.108
2016,138,Comoros,Sub-Saharan Africa,3.956,0.275,0.603,0.300,0.154,0.183,0.184
2016,139,Ivory Coast,Sub-Saharan Africa,3.916,0.555,0.576,0.045,0.407,0.203,0.155
2016,140,Cambodia,Southeastern Asia,3.907,0.556,0.538,0.425,0.589,0.403,0.081
2016,141,Angola,Sub-Saharan Africa,3.866,0.847,0.664,0.050,0.006,0.121,0.084
2016,142,Niger,Sub-Saharan Africa,3.856,0.133,0.605,0.262,0.380,0.210,0.172
2016,143,South Sudan,Sub-Saharan Africa,3.832,0.394,0.185,0.158,0.197,0.259,0.130
2016,144,Chad,Sub-Saharan Africa,3.763,0.422,0.632,0.038,0.128,0.187,0.050
2016,145,Burkina Faso,Sub-Saharan Africa,3.739,0.320,0.631,0.213,0.334,0.244,0.125
2016,145,Uganda,Sub-Saharan Africa,3.739,0.347,0.910,0.196,0.437,0.271,0.064
2016,147,Yemen,Middle East and Northern Africa,3.724,0.579,0.475,0.310,0.229,0.098,0.059
2016,148,Madagascar,Sub-Saharan Africa,3.695,0.280,0.461,0.371,0.137,0.220,0.075
2016,149,Tanzania,Sub-Saharan Africa,3.666,0.472,0.776,0.357,0.318,0.315,0.051
2016,150,Liberia,Sub-Saharan Africa,3.622,0.107,0.504,0.232,0.257,0.241,0.049
2016,151,Guinea,Sub-Saharan Africa,3.607,0.224,0.311,0.188,0.310,0.299,0.119
2016,152,Rwanda,Sub-Saharan Africa,3.515,0.328,0.616,0.319,0.543,0.236,0.505
2016,153,Benin,Sub-Saharan Africa,3.484,0.395,0.104,0.210,0.397,0.202,0.067
2016,154,Afghanistan,Southern Asia,3.360,0.382,0.110,0.173,0.164,0.313,0.071
2016,155,Togo,Sub-Saharan Africa,3.303,0.281,0.000,0.248,0.347,0.175,0.116
2016,156,Syria,Middle East and Northern Africa,3.069,0.747,0.149,0.630,0.069,0.484,0.172
2016,157,Burundi,Sub-Saharan Africa,2.905,0.068,0.234,0.157,0.043,0.203,0.094
2017,1,Norway,Western Europe,7.537,1.616,1.534,0.797,0.635,0.362,0.316
2017,2,Denmark,Western Europe,7.522,1.482,1.551,0.793,0.626,0.355,0.401
2017,3,Iceland,Western Europe,7.504,1.481,1.611,0.834,0.627,0.476,0.154
2017,4,Switzerland,Western Europe,7.494,1.565,1.517,0.858,0.620,0.291,0.367
2017,5,Finland,Western Europe,7.469,1.444,1.540,0.809,0.618,0.245,0.383
2017,6,Netherlands,Western Europe,7.377,1.504,1.429,0.811,0.585,0.470,0.283
2017,7,Canada,North America,7.316,1.479,1.481,0.835,0.611,0.436,0.287
2017,8,New Zealand,Australia and New Zealand,7.314,1.406,1.548,0.817,0.614,0.500,0.383
2017,9,Sweden,Western Europe,7.284,1.494,1.478,0.831,0.613,0.385,0.384
2017,10,Australia,Australia and New Zealand,7.284,1.484,1.510,0.844,0.602,0.478,0.301
2017,11,Israel,Middle East and Northern Africa,7.213,1.375,1.376,0.838,0.406,0.330,0.085
2017,12,Costa Rica,Latin America and Caribbean,7.079,1.110,1.416,0.760,0.580,0.215,0.100
2017,13,Austria,Western Europe,7.006,1.487,1.460,0.815,0.568,0.316,0.221
2017,14,United States,North America,6.993,1.546,1.420,0.774,0.506,0.393,0.136
2017,15,Ireland,Western Europe,6.977,1.536,1.558,0.810,0.573,0.428,0.298
2017,16,Germany,Western Europe,6.951,1.488,1.473,0.799,0.563,0.336,0.277
2017,17,Belgium,Western Europe,6.891,1.464,1.462,0.818,0.540,0.232,0.251
2017,18,Luxembourg,Western Europe,6.863,1.742,1.458,0.845,0.597,0.283,0.319
2017,19,United Kingdom,Western Europe,6.714,1.442,1.496,0.805,0.508,0.493,0.265
2017,20,Chile,Latin America and Caribbean,6.652,1.253,1.284,0.819,0.377,0.327,0.082
2017,21,United Arab Emirates,Middle East and Northern Africa,6.648,1.626,1.266,0.727,0.608,0.361,0.324
2017,22,Brazil,Latin America and Caribbean,6.635,1.107,1.431,0.617,0.437,0.162,0.111
2017,23,Czech Republic,Central and Eastern Europe,6.609,1.353,1.434,0.754,0.491,0.088,0.037
2017,24,Argentina,Latin America and Caribbean,6.599,1.185,1.440,0.695,0.495,0.109,0.060
2017,25,Mexico,Latin America and Caribbean,6.578,1.153,1.211,0.710,0.413,0.121,0.133
2017,26,Singapore,Southeastern Asia,6.572,1.692,1.354,0.949,0.550,0.346,0.464
2017,27,Malta,Western Europe,6.527,1.343,1.488,0.822,0.589,0.575,0.153
2017,28,Uruguay,Latin America and Caribbean,6.454,1.218,1.412,0.719,0.579,0.175,0.178
2017,29,Guatemala,Latin America and Caribbean,6.454,0.872,1.256,0.540,0.531,0.283,0.077
2017,30,Panama,Latin America and Caribbean,6.452,1.234,1.373,0.706,0.550,0.211,0.071
2017,31,France,Western Europe,6.442,1.431,1.388,0.844,0.470,0.130,0.173
2017,32,Thailand,Southeastern Asia,6.424,1.128,1.426,0.647,0.580,0.572,0.032
2017,33,Taiwan Province of China,Unknown,6.422,1.434,1.385,0.794,0.361,0.258,0.064
2017,34,Spain,Western Europe,6.403,1.384,1.532,0.889,0.409,0.190,0.071
2017,35,Qatar,Middle East and Northern Africa,6.375,1.871,1.274,0.710,0.604,0.330,0.439
2017,36,Colombia,Latin America and Caribbean,6.357,1.071,1.402,0.595,0.477,0.149,0.047
2017,37,Saudi Arabia,Middle East and Northern Africa,6.344,1.531,1.287,0.590,0.450,0.148,0.273
2017,38,Trinidad and Tobago,Latin America and Caribbean,6.168,1.361,1.380,0.520,0.519,0.325,0.009
2017,39,Kuwait,Middle East and Northern Africa,6.105,1.633,1.260,0.632,0.496,0.228,0.215
2017,40,Slovakia,Central and Eastern Europe,6.098,1.325,1.505,0.713,0.296,0.137,0.024
2017,41,Bahrain,Middle East and Northern Africa,6.087,1.488,1.323,0.653,0.537,0.173,0.257
2017,42,Malaysia,Southeastern Asia,6.084,1.291,1.285,0.619,0.402,0.417,0.066
2017,43,Nicaragua,Latin America and Caribbean,6.071,0.737,1.287,0.653,0.448,0.302,0.131
2017,44,Ecuador,Latin America and Caribbean,6.008,1.001,1.286,0.686,0.455,0.150,0.140
2017,45,El Salvador,Latin America and Caribbean,6.003,0.910,1.182,0.596,0.432,0.078,0.090
2017,46,Poland,Central and Eastern Europe,5.973,1.292,1.446,0.699,0.520,0.158,0.059
2017,47,Uzbekistan,Central and Eastern Europe,5.971,0.786,1.549,0.498,0.658,0.416,0.247
2017,48,Italy,Western Europe,5.964,1.395,1.445,0.853,0.256,0.173,0.028
2017,49,Russia,Central and Eastern Europe,5.963,1.282,1.469,0.547,0.374,0.052,0.033
2017,50,Belize,Latin America and Caribbean,5.956,0.908,1.081,0.450,0.548,0.240,0.097
2017,51,Japan,Eastern Asia,5.920,1.417,1.436,0.913,0.506,0.121,0.164
2017,52,Lithuania,Central and Eastern Europe,5.902,1.315,1.474,0.629,0.234,0.010,0.012
2017,53,Algeria,Middle East and Northern Africa,5.872,1.092,1.146,0.618,0.233,0.069,0.146
2017,54,Latvia,Central and Eastern Europe,5.850,1.261,1.405,0.639,0.326,0.153,0.074
2017,55,South Korea,Eastern Asia,5.838,1.402,1.128,0.900,0.258,0.207,0.063
2017,56,Moldova,Central and Eastern Europe,5.838,0.729,1.252,0.589,0.241,0.209,0.010
2017,57,Romania,Central and Eastern Europe,5.825,1.218,1.150,0.685,0.457,0.134,0.004
2017,58,Bolivia,Latin America and Caribbean,5.823,0.834,1.228,0.474,0.559,0.226,0.060
2017,59,Turkmenistan,Central and Eastern Europe,5.822,1.131,1.493,0.438,0.418,0.250,0.259
2017,60,Kazakhstan,Central and Eastern Europe,5.819,1.285,1.384,0.606,0.437,0.202,0.119
2017,61,North Cyprus,Western Europe,5.810,1.347,1.186,0.835,0.471,0.267,0.155
2017,62,Slovenia,Central and Eastern Europe,5.758,1.341,1.453,0.791,0.573,0.243,0.045
2017,63,Peru,Latin America and Caribbean,5.715,1.035,1.219,0.630,0.450,0.127,0.047
2017,64,Mauritius,Sub-Saharan Africa,5.629,1.189,1.210,0.638,0.491,0.361,0.042
2017,65,Cyprus,Western Europe,5.621,1.356,1.131,0.845,0.355,0.271,0.041
2017,66,Estonia,Central and Eastern Europe,5.611,1.321,1.477,0.695,0.479,0.099,0.183
2017,67,Belarus,Central and Eastern Europe,5.569,1.157,1.445,0.638,0.295,0.155,0.156
2017,68,Libya,Middle East and Northern Africa,5.525,1.102,1.358,0.520,0.466,0.152,0.093
2017,69,Turkey,Middle East and Northern Africa,5.500,1.198,1.338,0.638,0.301,0.047,0.100
2017,70,Paraguay,Latin America and Caribbean,5.493,0.933,1.507,0.579,0.474,0.224,0.091
2017,71,"Hong Kong S.A.R., China",Unknown,5.472,1.552,1.263,0.943,0.491,0.374,0.294
2017,72,Philippines,Southeastern Asia,5.430,0.858,1.254,0.468,0.585,0.194,0.099
2017,73,Serbia,Central and Eastern Europe,5.395,1.069,1.258,0.651,0.209,0.220,0.041
2017,74,Jordan,Middle East and Northern Africa,5.336,0.991,1.239,0.605,0.418,0.172,0.120
2017,75,Hungary,Central and Eastern Europe,5.324,1.286,1.343,0.688,0.176,0.078,0.037
2017,76,Jamaica,Latin America and Caribbean,5.311,0.926,1.368,0.641,0.474,0.234,0.055
2017,77,Croatia,Central and Eastern Europe,5.293,1.223,0.968,0.701,0.256,0.248,0.043
2017,78,Kosovo,Central and Eastern Europe,5.279,0.951,1.138,0.541,0.260,0.320,0.057
2017,79,China,Eastern Asia,5.273,1.081,1.161,0.741,0.473,0.029,0.023
2017,80,Pakistan,Southern Asia,5.269,0.727,0.673,0.402,0.235,0.315,0.124
2017,81,Indonesia,Southeastern Asia,5.262,0.996,1.274,0.492,0.443,0.612,0.015
2017,82,Venezuela,Latin America and Caribbean,5.250,1.128,1.431,0.617,0.154,0.065,0.064
2017,83,Montenegro,Central and Eastern Europe,5.237,1.121,1.238,0.667,0.195,0.198,0.088
2017,84,Morocco,Middle East and Northern Africa,5.235,0.878,0.775,0.598,0.408,0.032,0.088
2017,85,Azerbaijan,Central and Eastern Europe,5.234,1.154,1.152,0.541,0.398,0.045,0.181
2017,86,Dominican Republic,Latin America and Caribbean,5.230,1.079,1.402,0.575,0.553,0.187,0.114
2017,87,Greece,Western Europe,5.227,1.289,1.239,0.810,0.096,0.000,0.043
2017,88,Lebanon,Middle East and Northern Africa,5.225,1.075,1.130,0.735,0.289,0.264,0.038
2017,89,Portugal,Western Europe,5.195,1.315,1.367,0.796,0.498,0.095,0.016
2017,90,Bosnia and Herzegovina,Central and Eastern Europe,5.182,0.982,1.069,0.705,0.204,0.329,0.000
2017,91,Honduras,Latin America and Caribbean,5.181,0.731,1.144,0.583,0.348,0.236,0.073
2017,92,Macedonia,Central and Eastern Europe,5.175,1.065,1.208,0.645,0.326,0.254,0.060
2017,93,Somalia,Sub-Saharan Africa,5.151,0.023,0.721,0.114,0.602,0.292,0.282
2017,94,Vietnam,Southeastern Asia,5.074,0.789,1.277,0.652,0.571,0.235,0.088
2017,95,Nigeria,Sub-Saharan Africa,5.074,0.784,1.216,0.057,0.395,0.231,0.026
2017,96,Tajikistan,Central and Eastern Europe,5.041,0.525,1.271,0.529,0.472,0.249,0.146
2017,97,Bhutan,Southern Asia,5.011,0.885,1.340,0.496,0.502,0.474,0.173
2017,98,Kyrgyzstan,Central and Eastern Europe,5.004,0.596,1.394,0.553,0.455,0.429,0.039
2017,99,Nepal,Southern Asia,4.962,0.480,1.179,0.504,0.440,0.394,0.073
2017,100,Mongolia,Eastern Asia,4.955,1.027,1.493,0.558,0.394,0.338,0.033
2017,101,South Africa,Sub-Saharan Africa,4.829,1.055,1.385,0.187,0.479,0.139,0.073
2017,102,Tunisia,Middle East and Northern Africa,4.805,1.007,0.868,0.613,0.290,0.050,0.087
2017,103,Palestinian Territories,Middle East and Northern Africa,4.775,0.716,1.156,0.566,0.255,0.114,0.089
2017,104,Egypt,Middle East and Northern Africa,4.735,0.990,0.997,0.520,0.282,0.129,0.114
2017,105,Bulgaria,Central and Eastern Europe,4.714,1.161,1.434,0.708,0.289,0.113,0.011
2017,106,Sierra Leone,Sub-Saharan Africa,4.709,0.368,0.984,0.006,0.319,0.293,0.071
2017,107,Cameroon,Sub-Saharan Africa,4.695,0.564,0.946,0.133,0.430,0.236,0.051
2017,108,Iran,Middle East and Northern Africa,4.692,1.157,0.712,0.639,0.249,0.387,0.049
2017,109,Albania,Central and Eastern Europe,4.644,0.996,0.804,0.731,0.381,0.201,0.040
2017,110,Bangladesh,Southern Asia,4.608,0.587,0.735,0.533,0.478,0.172,0.124
2017,111,Namibia,Sub-Saharan Africa,4.574,0.964,1.098,0.339,0.520,0.077,0.093
2017,112,Kenya,Sub-Saharan Africa,4.553,0.560,1.068,0.310,0.453,0.445,0.065
2017,113,Mozambique,Sub-Saharan Africa,4.550,0.234,0.871,0.107,0.481,0.322,0.179
2017,114,Myanmar,Southeastern Asia,4.545,0.367,1.123,0.398,0.514,0.838,0.189
2017,115,Senegal,Sub-Saharan Africa,4.535,0.479,1.180,0.409,0.378,0.183,0.115
2017,116,Zambia,Sub-Saharan Africa,4.514,0.636,1.003,0.258,0.462,0.250,0.078
2017,117,Iraq,Middle East and Northern Africa,4.497,1.103,0.979,0.501,0.289,0.200,0.107
2017,118,Gabon,Sub-Saharan Africa,4.465,1.198,1.156,0.357,0.312,0.044,0.076
2017,119,Ethiopia,Sub-Saharan Africa,4.460,0.339,0.865,0.353,0.409,0.313,0.165
2017,120,Sri Lanka,Southern Asia,4.440,1.010,1.260,0.625,0.561,0.491,0.074
2017,121,Armenia,Central and Eastern Europe,4.376,0.901,1.007,0.638,0.198,0.083,0.027
2017,122,India,Southern Asia,4.315,0.792,0.754,0.455,0.470,0.232,0.092
2017,123,Mauritania,Sub-Saharan Africa,4.292,0.648,1.272,0.285,0.096,0.202,0.137
2017,124,Congo (Brazzaville),Sub-Saharan Africa,4.291,0.809,0.832,0.290,0.435,0.121,0.080
2017,125,Georgia,Central and Eastern Europe,4.286,0.951,0.571,0.650,0.309,0.054,0.252
2017,126,Congo (Kinshasa),Sub-Saharan Africa,4.280,0.092,1.229,0.191,0.236,0.246,0.060
2017,127,Mali,Sub-Saharan Africa,4.190,0.476,1.281,0.169,0.307,0.183,0.105
2017,128,Ivory Coast,Sub-Saharan Africa,4.180,0.603,0.905,0.049,0.448,0.201,0.130
2017,129,Cambodia,Southeastern Asia,4.168,0.602,1.006,0.430,0.633,0.386,0.068
2017,130,Sudan,Sub-Saharan Africa,4.139,0.660,1.214,0.291,0.015,0.182,0.090
2017,131,Ghana,Sub-Saharan Africa,4.120,0.667,0.874,0.296,0.423,0.257,0.025
2017,132,Ukraine,Central and Eastern Europe,4.096,0.895,1.395,0.576,0.123,0.270,0.023
2017,133,Uganda,Sub-Saharan Africa,4.081,0.381,1.130,0.218,0.443,0.326,0.057
2017,134,Burkina Faso,Sub-Saharan Africa,4.032,0.350,1.043,0.216,0.324,0.251,0.120
2017,135,Niger,Sub-Saharan Africa,4.028,0.162,0.993,0.269,0.364,0.229,0.139
2017,136,Malawi,Sub-Saharan Africa,3.970,0.233,0.513,0.315,0.467,0.287,0.073
2017,137,Chad,Sub-Saharan Africa,3.936,0.438,0.954,0.041,0.162,0.216,0.054
2017,138,Zimbabwe,Sub-Saharan Africa,3.875,0.376,1.083,0.197,0.336,0.189,0.095
2017,139,Lesotho,Sub-Saharan Africa,3.808,0.521,1.190,0.000,0.391,0.157,0.119
2017,140,Angola,Sub-Saharan Africa,3.795,0.858,1.104,0.050,0.000,0.098,0.070
2017,141,Afghanistan,Southern Asia,3.794,0.401,0.582,0.181,0.106,0.312,0.061
2017,142,Botswana,Sub-Saharan Africa,3.766,1.122,1.222,0.342,0.505,0.099,0.099
2017,143,Benin,Sub-Saharan Africa,3.657,0.431,0.435,0.210,0.426,0.208,0.061
2017,144,Madagascar,Sub-Saharan Africa,3.644,0.306,0.913,0.375,0.189,0.209,0.067
2017,145,Haiti,Latin America and Caribbean,3.603,0.369,0.640,0.277,0.030,0.489,0.100
2017,146,Yemen,Middle East and Northern Africa,3.593,0.592,0.935,0.310,0.249,0.104,0.057
2017,147,South Sudan,Sub-Saharan Africa,3.591,0.397,0.601,0.163,0.147,0.286,0.117
2017,148,Liberia,Sub-Saharan Africa,3.533,0.119,0.872,0.230,0.333,0.267,0.039
2017,149,Guinea,Sub-Saharan Africa,3.507,0.245,0.791,0.194,0.349,0.265,0.111
2017,150,Togo,Sub-Saharan Africa,3.495,0.305,0.432,0.247,0.380,0.197,0.096
2017,151,Rwanda,Sub-Saharan Africa,3.471,0.369,0.946,0.326,0.582,0.253,0.455
2017,152,Syria,Middle East and Northern Africa,3.462,0.777,0.396,0.501,0.082,0.494,0.151
2017,153,Tanzania,Sub-Saharan Africa,3.349,0.511,1.042,0.365,0.390,0.354,0.066
2017,154,Burundi,Sub-Saharan Africa,2.905,0.092,0.630,0.152,0.060,0.204,0.084
2017,155,Central African Republic,Sub-Saharan Africa,2.693,0.000,0.000,0.019,0.271,0.281,0.057
2018,1,Finland,Western Europe,7.632,1.305,1.592,0.874,0.681,0.202,0.393
2018,2,Norway,Western Europe,7.594,1.456,1.582,0.861,0.686,0.286,0.340
2018,3,Denmark,Western Europe,7.555,1.351,1.590,0.868,0.683,0.284,0.408
2018,4,Iceland,Western Europe,7.495,1.343,1.644,0.914,0.677,0.353,0.138
2018,5,Switzerland,Western Europe,7.487,1.420,1.549,0.927,0.660,0.256,0.357
2018,6,Netherlands,Western Europe,7.441,1.361,1.488,0.878,0.638,0.333,0.295
2018,7,Canada,North America,7.328,1.330,1.532,0.896,0.653,0.321,0.291
2018,8,New Zealand,Australia and New Zealand,7.324,1.268,1.601,0.876,0.669,0.365,0.389
2018,9,Sweden,Western Europe,7.314,1.355,1.501,0.913,0.659,0.285,0.383
2018,10,Australia,Australia and New Zealand,7.272,1.340,1.573,0.910,0.647,0.361,0.302
2018,11,United Kingdom,Western Europe,7.190,1.244,1.433,0.888,0.464,0.262,0.082
2018,12,Austria,Western Europe,7.139,1.341,1.504,0.891,0.617,0.242,0.224
2018,13,Costa Rica,Latin America and Caribbean,7.072,1.010,1.459,0.817,0.632,0.143,0.101
2018,14,Ireland,Western Europe,6.977,1.448,1.583,0.876,0.614,0.307,0.306
2018,15,Germany,Western Europe,6.965,1.340,1.474,0.861,0.586,0.273,0.280
2018,16,Belgium,Western Europe,6.927,1.324,1.483,0.894,0.583,0.188,0.240
2018,17,Luxembourg,Western Europe,6.910,1.576,1.520,0.896,0.632,0.196,0.321
2018,18,United States,North America,6.886,1.398,1.471,0.819,0.547,0.291,0.133
2018,19,Israel,Middle East and Northern Africa,6.814,1.301,1.559,0.883,0.533,0.354,0.272
2018,20,United Arab Emirates,Middle East and Northern Africa,6.774,2.096,0.776,0.670,0.284,0.186,
2018,21,Czech Republic,Central and Eastern Europe,6.711,1.233,1.489,0.854,0.543,0.064,0.034
2018,22,Malta,Western Europe,6.627,1.270,1.525,0.884,0.645,0.376,0.142
2018,23,France,Western Europe,6.489,1.293,1.466,0.908,0.520,0.098,0.176
2018,24,Mexico,Latin America and Caribbean,6.488,1.038,1.252,0.761,0.479,0.069,0.095
2018,25,Chile,Latin America and Caribbean,6.476,1.131,1.331,0.808,0.431,0.197,0.061
2018,26,Taiwan,Eastern Asia,6.441,1.365,1.436,0.857,0.418,0.151,0.078
2018,27,Panama,Latin America and Caribbean,6.430,1.112,1.438,0.759,0.597,0.125,0.063
2018,28,Brazil,Latin America and Caribbean,6.419,0.986,1.474,0.675,0.493,0.110,0.088
2018,29,Argentina,Latin America and Caribbean,6.388,1.073,1.468,0.744,0.570,0.062,0.054
2018,30,Guatemala,Latin America and Caribbean,6.382,0.781,1.268,0.608,0.604,0.179,0.071
2018,31,Uruguay,Latin America and Caribbean,6.379,1.093,1.459,0.771,0.625,0.130,0.155
2018,32,Qatar,Middle East and Northern Africa,6.374,1.649,1.303,0.748,0.654,0.256,0.171
2018,33,Saudi Arabia,Middle East and Northern Africa,6.371,1.379,1.331,0.633,0.509,0.098,0.127
2018,34,Singapore,Southeastern Asia,6.343,1.529,1.451,1.008,0.631,0.261,0.457
2018,35,Malaysia,Southeastern Asia,6.322,1.161,1.258,0.669,0.356,0.311,0.059
2018,36,Spain,Western Europe,6.310,1.251,1.538,0.965,0.449,0.142,0.074
2018,37,Colombia,Latin America and Caribbean,6.260,0.960,1.439,0.635,0.531,0.099,0.039
2018,38,Trinidad & Tobago,Unknown,6.192,1.223,1.492,0.564,0.575,0.171,0.019
2018,39,Slovakia,Central and Eastern Europe,6.173,1.210,1.537,0.776,0.354,0.118,0.014
2018,40,El Salvador,Latin America and Caribbean,6.167,0.806,1.231,0.639,0.461,0.065,0.082
2018,41,Nicaragua,Latin America and Caribbean,6.141,0.668,1.319,0.700,0.527,0.208,0.128
2018,42,Poland,Central and Eastern Europe,6.123,1.176,1.448,0.781,0.546,0.108,0.064
2018,43,Bahrain,Middle East and Northern Africa,6.105,1.338,1.366,0.698,0.594,0.243,0.123
2018,44,Uzbekistan,Central and Eastern Europe,6.096,0.719,1.584,0.605,0.724,0.328,0.259
2018,45,Kuwait,Middle East and Northern Africa,6.083,1.474,1.301,0.675,0.554,0.167,0.106
2018,46,Thailand,Southeastern Asia,6.072,1.016,1.417,0.707,0.637,0.364,0.029
2018,47,Italy,Western Europe,6.000,1.264,1.501,0.946,0.281,0.137,0.028
2018,48,Ecuador,Latin America and Caribbean,5.973,0.889,1.330,0.736,0.556,0.114,0.120
2018,49,Belize,Latin America and Caribbean,5.956,0.807,1.101,0.474,0.593,0.183,0.089
2018,50,Lithuania,Central and Eastern Europe,5.952,1.197,1.527,0.716,0.350,0.026,0.006
2018,51,Slovenia,Central and Eastern Europe,5.948,1.219,1.506,0.856,0.633,0.160,0.051
2018,52,Romania,Central and Eastern Europe,5.945,1.116,1.219,0.726,0.528,0.088,0.001
2018,53,Latvia,Central and Eastern Europe,5.933,1.148,1.454,0.671,0.363,0.092,0.066
2018,54,Japan,Eastern Asia,5.915,1.294,1.462,0.988,0.553,0.079,0.150
2018,55,Mauritius,Sub-Saharan Africa,5.891,1.090,1.387,0.684,0.584,0.245,0.050
2018,56,Jamaica,Latin America and Caribbean,5.890,0.819,1.493,0.693,0.575,0.096,0.031
2018,57,South Korea,Eastern Asia,5.875,1.266,1.204,0.955,0.244,0.175,0.051
2018,58,Northern Cyprus,Unknown,5.835,1.229,1.211,0.909,0.495,0.179,0.154
2018,59,Russia,Central and Eastern Europe,5.810,1.151,1.479,0.599,0.399,0.065,0.025
2018,60,Kazakhstan,Central and Eastern Europe,5.790,1.143,1.516,0.631,0.454,0.148,0.121
2018,61,Cyprus,Western Europe,5.762,1.229,1.191,0.909,0.423,0.202,0.035
2018,62,Bolivia,Latin America and Caribbean,5.752,0.751,1.223,0.508,0.606,0.141,0.054
2018,63,Estonia,Central and Eastern Europe,5.739,1.200,1.532,0.737,0.553,0.086,0.174
2018,64,Paraguay,Latin America and Caribbean,5.681,0.835,1.522,0.615,0.541,0.162,0.074
2018,65,Peru,Latin America and Caribbean,5.663,0.934,1.249,0.674,0.530,0.092,0.034
2018,66,Kosovo,Central and Eastern Europe,5.662,0.855,1.230,0.578,0.448,0.274,0.023
2018,67,Moldova,Central and Eastern Europe,5.640,0.657,1.301,0.620,0.232,0.171,0.000
2018,68,Turkmenistan,Central and Eastern Europe,5.636,1.016,1.533,0.517,0.417,0.199,0.037
2018,69,Hungary,Central and Eastern Europe,5.620,1.171,1.401,0.732,0.259,0.061,0.022
2018,70,Libya,Middle East and Northern Africa,5.566,0.985,1.350,0.553,0.496,0.116,0.148
2018,71,Philippines,Southeastern Asia,5.524,0.775,1.312,0.513,0.643,0.120,0.105
2018,72,Honduras,Latin America and Caribbean,5.504,0.620,1.205,0.622,0.459,0.197,0.074
2018,73,Belarus,Central and Eastern Europe,5.483,1.039,1.498,0.700,0.307,0.101,0.154
2018,74,Turkey,Middle East and Northern Africa,5.483,1.148,1.380,0.686,0.324,0.106,0.109
2018,75,Pakistan,Southern Asia,5.472,0.652,0.810,0.424,0.334,0.216,0.113
2018,76,Hong Kong,Eastern Asia,5.430,1.405,1.290,1.030,0.524,0.246,0.291
2018,77,Portugal,Western Europe,5.410,1.188,1.429,0.884,0.562,0.055,0.017
2018,78,Serbia,Central and Eastern Europe,5.398,0.975,1.369,0.685,0.288,0.134,0.043
2018,79,Greece,Western Europe,5.358,1.154,1.202,0.879,0.131,0.000,0.044
2018,80,Lebanon,Middle East and Northern Africa,5.358,0.965,1.179,0.785,0.503,0.214,0.136
2018,81,Montenegro,Central and Eastern Europe,5.347,1.017,1.279,0.729,0.259,0.111,0.081
2018,82,Croatia,Central and Eastern Europe,5.321,1.115,1.161,0.737,0.380,0.120,0.039
2018,83,Dominican Republic,Latin America and Caribbean,5.302,0.982,1.441,0.614,0.578,0.120,0.106
2018,84,Algeria,Middle East and Northern Africa,5.295,0.979,1.154,0.687,0.077,0.055,0.135
2018,85,Morocco,Middle East and Northern Africa,5.254,0.779,0.797,0.669,0.460,0.026,0.074
2018,86,China,Eastern Asia,5.246,0.989,1.142,0.799,0.597,0.029,0.103
2018,87,Azerbaijan,Central and Eastern Europe,5.201,1.024,1.161,0.603,0.430,0.031,0.176
2018,88,Tajikistan,Central and Eastern Europe,5.199,0.474,1.166,0.598,0.292,0.187,0.034
2018,89,Macedonia,Central and Eastern Europe,5.185,0.959,1.239,0.691,0.394,0.173,0.052
2018,90,Jordan,Middle East and Northern Africa,5.161,0.822,1.265,0.645,0.468,0.130,0.134
2018,91,Nigeria,Sub-Saharan Africa,5.155,0.689,1.172,0.048,0.462,0.201,0.032
2018,92,Kyrgyzstan,Central and Eastern Europe,5.131,0.530,1.416,0.594,0.540,0.281,0.035
2018,93,Bosnia and Herzegovina,Central and Eastern Europe,5.129,0.915,1.078,0.758,0.280,0.216,0.000
2018,94,Mongolia,Eastern Asia,5.125,0.914,1.517,0.575,0.395,0.253,0.032
2018,95,Vietnam,Southeastern Asia,5.103,0.715,1.365,0.702,0.618,0.177,0.079
2018,96,Indonesia,Southeastern Asia,5.093,0.899,1.215,0.522,0.538,0.484,0.018
2018,97,Bhutan,Southern Asia,5.082,0.796,1.335,0.527,0.541,0.364,0.171
2018,98,Somalia,Sub-Saharan Africa,4.982,0.000,0.712,0.115,0.674,0.238,0.282
2018,99,Cameroon,Sub-Saharan Africa,4.975,0.535,0.891,0.182,0.454,0.183,0.043
2018,100,Bulgaria,Central and Eastern Europe,4.933,1.054,1.515,0.712,0.359,0.064,0.009
2018,101,Nepal,Southern Asia,4.880,0.425,1.228,0.539,0.526,0.302,0.078
2018,102,Venezuela,Latin America and Caribbean,4.806,0.996,1.469,0.657,0.133,0.056,0.052
2018,103,Gabon,Sub-Saharan Africa,4.758,1.036,1.164,0.404,0.356,0.032,0.052
2018,104,Palestinian Territories,Middle East and Northern Africa,4.743,0.642,1.217,0.602,0.266,0.086,0.076
2018,105,South Africa,Sub-Saharan Africa,4.724,0.940,1.410,0.330,0.516,0.103,0.056
2018,106,Iran,Middle East and Northern Africa,4.707,1.059,0.771,0.691,0.459,0.282,0.129
2018,107,Ivory Coast,Sub-Saharan Africa,4.671,0.541,0.872,0.080,0.467,0.146,0.103
2018,108,Ghana,Sub-Saharan Africa,4.657,0.592,0.896,0.337,0.499,0.212,0.029
2018,109,Senegal,Sub-Saharan Africa,4.631,0.429,1.117,0.433,0.406,0.138,0.082
2018,110,Laos,Southeastern Asia,4.623,0.720,1.034,0.441,0.626,0.230,0.174
2018,111,Tunisia,Middle East and Northern Africa,4.592,0.900,0.906,0.690,0.271,0.040,0.063
2018,112,Albania,Central and Eastern Europe,4.586,0.916,0.817,0.790,0.419,0.149,0.032
2018,113,Sierra Leone,Sub-Saharan Africa,4.571,0.256,0.813,0.000,0.355,0.238,0.053
2018,114,Congo (Brazzaville),Sub-Saharan Africa,4.559,0.682,0.811,0.343,0.514,0.091,0.077
2018,115,Bangladesh,Southern Asia,4.500,0.532,0.850,0.579,0.580,0.153,0.144
2018,116,Sri Lanka,Southern Asia,4.471,0.918,1.314,0.672,0.585,0.307,0.050
2018,117,Iraq,Middle East and Northern Africa,4.456,1.010,0.971,0.536,0.304,0.148,0.095
2018,118,Mali,Sub-Saharan Africa,4.447,0.370,1.233,0.152,0.367,0.139,0.056
2018,119,Namibia,Sub-Saharan Africa,4.441,0.874,1.281,0.365,0.519,0.051,0.064
2018,120,Cambodia,Southeastern Asia,4.433,0.549,1.088,0.457,0.696,0.256,0.065
2018,121,Burkina Faso,Sub-Saharan Africa,4.424,0.314,1.097,0.254,0.312,0.175,0.128
2018,122,Egypt,Middle East and Northern Africa,4.419,0.885,1.025,0.553,0.312,0.092,0.107
2018,123,Mozambique,Sub-Saharan Africa,4.417,0.198,0.902,0.173,0.531,0.206,0.158
2018,124,Kenya,Sub-Saharan Africa,4.410,0.493,1.048,0.454,0.504,0.352,0.055
2018,125,Zambia,Sub-Saharan Africa,4.377,0.562,1.047,0.295,0.503,0.221,0.082
2018,126,Mauritania,Sub-Saharan Africa,4.356,0.557,1.245,0.292,0.129,0.134,0.093
2018,127,Ethiopia,Sub-Saharan Africa,4.350,0.308,0.950,0.391,0.452,0.220,0.146
2018,128,Georgia,Central and Eastern Europe,4.340,0.853,0.592,0.643,0.375,0.038,0.215
2018,129,Armenia,Central and Eastern Europe,4.321,0.816,0.990,0.666,0.260,0.077,0.028
2018,130,Myanmar,Southeastern Asia,4.308,0.682,1.174,0.429,0.580,0.598,0.178
2018,131,Chad,Sub-Saharan Africa,4.301,0.358,0.907,0.053,0.189,0.181,0.060
2018,132,Congo (Kinshasa),Sub-Saharan Africa,4.245,0.069,1.136,0.204,0.312,0.197,0.052
2018,133,India,Southern Asia,4.190,0.721,0.747,0.485,0.539,0.172,0.093
2018,134,Niger,Sub-Saharan Africa,4.166,0.131,0.867,0.221,0.390,0.175,0.099
2018,135,Uganda,Sub-Saharan Africa,4.161,0.322,1.090,0.237,0.450,0.259,0.061
2018,136,Benin,Sub-Saharan Africa,4.141,0.378,0.372,0.240,0.440,0.163,0.067
2018,137,Sudan,Sub-Saharan Africa,4.139,0.605,1.240,0.312,0.016,0.134,0.082
2018,138,Ukraine,Central and Eastern Europe,4.103,0.793,1.413,0.609,0.163,0.187,0.011
2018,139,Togo,Sub-Saharan Africa,3.999,0.259,0.474,0.253,0.434,0.158,0.101
2018,140,Guinea,Sub-Saharan Africa,3.964,0.344,0.792,0.211,0.394,0.185,0.094
2018,141,Lesotho,Sub-Saharan Africa,3.808,0.472,1.215,0.079,0.423,0.116,0.112
2018,142,Angola,Sub-Saharan Africa,3.795,0.730,1.125,0.269,0.000,0.079,0.061
2018,143,Madagascar,Sub-Saharan Africa,3.774,0.262,0.908,0.402,0.221,0.155,0.049
2018,144,Zimbabwe,Sub-Saharan Africa,3.692,0.357,1.094,0.248,0.406,0.132,0.099
2018,145,Afghanistan,Southern Asia,3.632,0.332,0.537,0.255,0.085,0.191,0.036
2018,146,Botswana,Sub-Saharan Africa,3.590,1.017,1.174,0.417,0.557,0.042,0.092
2018,147,Malawi,Sub-Saharan Africa,3.587,0.186,0.541,0.306,0.531,0.210,0.080
2018,148,Haiti,Latin America and Caribbean,3.582,0.315,0.714,0.289,0.025,0.392,0.104
2018,149,Liberia,Sub-Saharan Africa,3.495,0.076,0.858,0.267,0.419,0.206,0.030
2018,150,Syria,Middle East and Northern Africa,3.462,0.689,0.382,0.539,0.088,0.376,0.144
2018,151,Rwanda,Sub-Saharan Africa,3.408,0.332,0.896,0.400,0.636,0.200,0.444
2018,152,Yemen,Middle East and Northern Africa,3.355,0.442,1.073,0.343,0.244,0.083,0.064
2018,153,Tanzania,Sub-Saharan Africa,3.303,0.455,0.991,0.381,0.481,0.270,0.097
2018,154,South Sudan,Sub-Saharan Africa,3.254,0.337,0.608,0.177,0.112,0.224,0.106
2018,155,Central African Republic,Sub-Saharan Africa,3.083,0.024,0.000,0.010,0.305,0.218,0.038
2018,156,Burundi,Sub-Saharan Africa,2.905,0.091,0.627,0.145,0.065,0.149,0.076
2019,1,Finland,Western Europe,7.769,1.340,1.587,0.986,0.596,0.153,0.393
2019,2,Denmark,Western Europe,7.600,1.383,1.573,0.996,0.592,0.252,0.410
2019,3,Norway,Western Europe,7.554,1.488,1.582,1.028,0.603,0.271,0.341
2019,4,Iceland,Western Europe,7.494,1.380,1.624,1.026,0.591,0.354,0.118
2019,5,Netherlands,Western Europe,7.488,1.396,1.522,0.999,0.557,0.322,0.298
2019,6,Switzerland,Western Europe,7.480,1.452,1.526,1.052,0.572,0.263,0.343
2019,7,Sweden,Western Europe,7.343,1.387,1.487,1.009,0.574,0.267,0.373
2019,8,New Zealand,Australia and New Zealand,7.307,1.303,1.557,1.026,0.585,0.330,0.380
2019,9,Canada,North America,7.278,1.365,1.505,1.039,0.584,0.285,0.308
2019,10,Austria,Western Europe,7.246,1.376,1.475,1.016,0.532,0.244,0.226
2019,11,Australia,Australia and New Zealand,7.228,1.372,1.548,1.036,0.557,0.332,0.290
2019,12,Costa Rica,Latin America and Caribbean,7.167,1.034,1.441,0.963,0.558,0.144,0.093
2019,13,Israel,Middle East and Northern Africa,7.139,1.276,1.455,1.029,0.371,0.261,0.082
2019,14,Luxembourg,Western Europe,7.090,1.609,1.479,1.012,0.526,0.194,0.316
2019,15,United Kingdom,Western Europe,7.054,1.333,1.538,0.996,0.450,0.348,0.278
2019,16,Ireland,Western Europe,7.021,1.499,1.553,0.999,0.516,0.298,0.310
2019,17,Germany,Western Europe,6.985,1.373,1.454,0.987,0.495,0.261,0.265
2019,18,Belgium,Western Europe,6.923,1.356,1.504,0.986,0.473,0.160,0.210
2019,19,United States,North America,6.892,1.433,1.457,0.874,0.454,0.280,0.128
2019,20,Czech Republic,Central and Eastern Europe,6.852,1.269,1.487,0.920,0.457,0.046,0.036
2019,21,United Arab Emirates,Middle East and Northern Africa,6.825,1.503,1.310,0.825,0.598,0.262,0.182
2019,22,Malta,Western Europe,6.726,1.300,1.520,0.999,0.564,0.375,0.151
2019,23,Mexico,Latin America and Caribbean,6.595,1.070,1.323,0.861,0.433,0.074,0.073
2019,24,France,Western Europe,6.592,1.324,1.472,1.045,0.436,0.111,0.183
2019,25,Taiwan,Eastern Asia,6.446,1.368,1.430,0.914,0.351,0.242,0.097
2019,26,Chile,Latin America and Caribbean,6.444,1.159,1.369,0.920,0.357,0.187,0.056
2019,27,Guatemala,Latin America and Caribbean,6.436,0.800,1.269,0.746,0.535,0.175,0.078
2019,28,Saudi Arabia,Middle East and Northern Africa,6.375,1.403,1.357,0.795,0.439,0.080,0.132
2019,29,Qatar,Middle East and Northern Africa,6.374,1.684,1.313,0.871,0.555,0.220,0.167
2019,30,Spain,Western Europe,6.354,1.286,1.484,1.062,0.362,0.153,0.079
2019,31,Panama,Latin America and Caribbean,6.321,1.149,1.442,0.910,0.516,0.109,0.054
2019,32,Brazil,Latin America and Caribbean,6.300,1.004,1.439,0.802,0.390,0.099,0.086
2019,33,Uruguay,Latin America and Caribbean,6.293,1.124,1.465,0.891,0.523,0.127,0.150
2019,34,Singapore,Southeastern Asia,6.262,1.572,1.463,1.141,0.556,0.271,0.453
2019,35,El Salvador,Latin America and Caribbean,6.253,0.794,1.242,0.789,0.430,0.093,0.074
2019,36,Italy,Western Europe,6.223,1.294,1.488,1.039,0.231,0.158,0.030
2019,37,Bahrain,Middle East and Northern Africa,6.199,1.362,1.368,0.871,0.536,0.255,0.110
2019,38,Slovakia,Central and Eastern Europe,6.198,1.246,1.504,0.881,0.334,0.121,0.014
2019,39,Trinidad & Tobago,Unknown,6.192,1.231,1.477,0.713,0.489,0.185,0.016
2019,40,Poland,Central and Eastern Europe,6.182,1.206,1.438,0.884,0.483,0.117,0.050
2019,41,Uzbekistan,Central and Eastern Europe,6.174,0.745,1.529,0.756,0.631,0.322,0.240
2019,42,Lithuania,Central and Eastern Europe,6.149,1.238,1.515,0.818,0.291,0.043,0.042
2019,43,Colombia,Latin America and Caribbean,6.125,0.985,1.410,0.841,0.470,0.099,0.034
2019,44,Slovenia,Central and Eastern Europe,6.118,1.258,1.523,0.953,0.564,0.144,0.057
2019,45,Nicaragua,Latin America and Caribbean,6.105,0.694,1.325,0.835,0.435,0.200,0.127
2019,46,Kosovo,Central and Eastern Europe,6.100,0.882,1.232,0.758,0.489,0.262,0.006
2019,47,Argentina,Latin America and Caribbean,6.086,1.092,1.432,0.881,0.471,0.066,0.050
2019,48,Romania,Central and Eastern Europe,6.070,1.162,1.232,0.825,0.462,0.083,0.005
2019,49,Cyprus,Western Europe,6.046,1.263,1.223,1.042,0.406,0.190,0.041
2019,50,Ecuador,Latin America and Caribbean,6.028,0.912,1.312,0.868,0.498,0.126,0.087
2019,51,Kuwait,Middle East and Northern Africa,6.021,1.500,1.319,0.808,0.493,0.142,0.097
2019,52,Thailand,Southeastern Asia,6.008,1.050,1.409,0.828,0.557,0.359,0.028
2019,53,Latvia,Central and Eastern Europe,5.940,1.187,1.465,0.812,0.264,0.075,0.064
2019,54,South Korea,Eastern Asia,5.895,1.301,1.219,1.036,0.159,0.175,0.056
2019,55,Estonia,Central and Eastern Europe,5.893,1.237,1.528,0.874,0.495,0.103,0.161
2019,56,Jamaica,Latin America and Caribbean,5.890,0.831,1.478,0.831,0.490,0.107,0.028
2019,57,Mauritius,Sub-Saharan Africa,5.888,1.120,1.402,0.798,0.498,0.215,0.060
2019,58,Japan,Eastern Asia,5.886,1.327,1.419,1.088,0.445,0.069,0.140
2019,59,Honduras,Latin America and Caribbean,5.860,0.642,1.236,0.828,0.507,0.246,0.078
2019,60,Kazakhstan,Central and Eastern Europe,5.809,1.173,1.508,0.729,0.410,0.146,0.096
2019,61,Bolivia,Latin America and Caribbean,5.779,0.776,1.209,0.706,0.511,0.137,0.064
2019,62,Hungary,Central and Eastern Europe,5.758,1.201,1.410,0.828,0.199,0.081,0.020
2019,63,Paraguay,Latin America and Caribbean,5.743,0.855,1.475,0.777,0.514,0.184,0.080
2019,64,Northern Cyprus,Unknown,5.718,1.263,1.252,1.042,0.417,0.191,0.162
2019,65,Peru,Latin America and Caribbean,5.697,0.960,1.274,0.854,0.455,0.083,0.027
2019,66,Portugal,Western Europe,5.693,1.221,1.431,0.999,0.508,0.047,0.025
2019,67,Pakistan,Southern Asia,5.653,0.677,0.886,0.535,0.313,0.220,0.098
2019,68,Russia,Central and Eastern Europe,5.648,1.183,1.452,0.726,0.334,0.082,0.031
2019,69,Philippines,Southeastern Asia,5.631,0.807,1.293,0.657,0.558,0.117,0.107
2019,70,Serbia,Central and Eastern Europe,5.603,1.004,1.383,0.854,0.282,0.137,0.039
2019,71,Moldova,Central and Eastern Europe,5.529,0.685,1.328,0.739,0.245,0.181,0.000
2019,72,Libya,Middle East and Northern Africa,5.525,1.044,1.303,0.673,0.416,0.133,0.152
2019,73,Montenegro,Central and Eastern Europe,5.523,1.051,1.361,0.871,0.197,0.142,0.080
2019,74,Tajikistan,Central and Eastern Europe,5.467,0.493,1.098,0.718,0.389,0.230,0.144
2019,75,Croatia,Central and Eastern Europe,5.432,1.155,1.266,0.914,0.296,0.119,0.022
2019,76,Hong Kong,Eastern Asia,5.430,1.438,1.277,1.122,0.440,0.258,0.287
2019,77,Dominican Republic,Latin America and Caribbean,5.425,1.015,1.401,0.779,0.497,0.113,0.101
2019,78,Bosnia and Herzegovina,Central and Eastern Europe,5.386,0.945,1.212,0.845,0.212,0.263,0.006
2019,79,Turkey,Middle East and Northern Africa,5.373,1.183,1.360,0.808,0.195,0.083,0.106
2019,80,Malaysia,Southeastern Asia,5.339,1.221,1.171,0.828,0.508,0.260,0.024
2019,81,Belarus,Central and Eastern Europe,5.323,1.067,1.465,0.789,0.235,0.094,0.142
2019,82,Greece,Western Europe,5.287,1.181,1.156,0.999,0.067,0.000,0.034
2019,83,Mongolia,Eastern Asia,5.285,0.948,1.531,0.667,0.317,0.235,0.038
2019,84,North Macedonia,Unknown,5.274,0.983,1.294,0.838,0.345,0.185,0.034
2019,85,Nigeria,Sub-Saharan Africa,5.265,0.696,1.111,0.245,0.426,0.215,0.041
2019,86,Kyrgyzstan,Central and Eastern Europe,5.261,0.551,1.438,0.723,0.508,0.300,0.023
2019,87,Turkmenistan,Central and Eastern Europe,5.247,1.052,1.538,0.657,0.394,0.244,0.028
2019,88,Algeria,Middle East and Northern Africa,5.211,1.002,1.160,0.785,0.086,0.073,0.114
2019,89,Morocco,Middle East and Northern Africa,5.208,0.801,0.782,0.782,0.418,0.036,0.076
2019,90,Azerbaijan,Central and Eastern Europe,5.208,1.043,1.147,0.769,0.351,0.035,0.182
2019,91,Lebanon,Middle East and Northern Africa,5.197,0.987,1.224,0.815,0.216,0.166,0.027
2019,92,Indonesia,Southeastern Asia,5.192,0.931,1.203,0.660,0.491,0.498,0.028
2019,93,China,Eastern Asia,5.191,1.029,1.125,0.893,0.521,0.058,0.100
2019,94,Vietnam,Southeastern Asia,5.175,0.741,1.346,0.851,0.543,0.147,0.073
2019,95,Bhutan,Southern Asia,5.082,0.813,1.321,0.604,0.457,0.370,0.167
2019,96,Cameroon,Sub-Saharan Africa,5.044,0.549,0.910,0.331,0.381,0.187,0.037
2019,97,Bulgaria,Central and Eastern Europe,5.011,1.092,1.513,0.815,0.311,0.081,0.004
2019,98,Ghana,Sub-Saharan Africa,4.996,0.611,0.868,0.486,0.381,0.245,0.040
2019,99,Ivory Coast,Sub-Saharan Africa,4.944,0.569,0.808,0.232,0.352,0.154,0.090
2019,100,Nepal,Southern Asia,4.913,0.446,1.226,0.677,0.439,0.285,0.089
2019,101,Jordan,Middle East and Northern Africa,4.906,0.837,1.225,0.815,0.383,0.110,0.130
2019,102,Benin,Sub-Saharan Africa,4.883,0.393,0.437,0.397,0.349,0.175,0.082
2019,103,Congo (Brazzaville),Sub-Saharan Africa,4.812,0.673,0.799,0.508,0.372,0.105,0.093
2019,104,Gabon,Sub-Saharan Africa,4.799,1.057,1.183,0.571,0.295,0.043,0.055
2019,105,Laos,Southeastern Asia,4.796,0.764,1.030,0.551,0.547,0.266,0.164
2019,106,South Africa,Sub-Saharan Africa,4.722,0.960,1.351,0.469,0.389,0.130,0.055
2019,107,Albania,Central and Eastern Europe,4.719,0.947,0.848,0.874,0.383,0.178,0.027
2019,108,Venezuela,Latin America and Caribbean,4.707,0.960,1.427,0.805,0.154,0.064,0.047
2019,109,Cambodia,Southeastern Asia,4.700,0.574,1.122,0.637,0.609,0.232,0.062
2019,110,Palestinian Territories,Middle East and Northern Africa,4.696,0.657,1.247,0.672,0.225,0.103,0.066
2019,111,Senegal,Sub-Saharan Africa,4.681,0.450,1.134,0.571,0.292,0.153,0.072
2019,112,Somalia,Sub-Saharan Africa,4.668,0.000,0.698,0.268,0.559,0.243,0.270
2019,113,Namibia,Sub-Saharan Africa,4.639,0.879,1.313,0.477,0.401,0.070,0.056
2019,114,Niger,Sub-Saharan Africa,4.628,0.138,0.774,0.366,0.318,0.188,0.102
2019,115,Burkina Faso,Sub-Saharan Africa,4.587,0.331,1.056,0.380,0.255,0.177,0.113
2019,116,Armenia,Central and Eastern Europe,4.559,0.850,1.055,0.815,0.283,0.095,0.064
2019,117,Iran,Middle East and Northern Africa,4.548,1.100,0.842,0.785,0.305,0.270,0.125
2019,118,Guinea,Sub-Saharan Africa,4.534,0.380,0.829,0.375,0.332,0.207,0.086
2019,119,Georgia,Central and Eastern Europe,4.519,0.886,0.666,0.752,0.346,0.043,0.164
2019,120,Gambia,Unknown,4.516,0.308,0.939,0.428,0.382,0.269,0.167
2019,121,Kenya,Sub-Saharan Africa,4.509,0.512,0.983,0.581,0.431,0.372,0.053
2019,122,Mauritania,Sub-Saharan Africa,4.490,0.570,1.167,0.489,0.066,0.106,0.088
2019,123,Mozambique,Sub-Saharan Africa,4.466,0.204,0.986,0.390,0.494,0.197,0.138
2019,124,Tunisia,Middle East and Northern Africa,4.461,0.921,1.000,0.815,0.167,0.059,0.055
2019,125,Bangladesh,Southern Asia,4.456,0.562,0.928,0.723,0.527,0.166,0.143
2019,126,Iraq,Middle East and Northern Africa,4.437,1.043,0.980,0.574,0.241,0.148,0.089
2019,127,Congo (Kinshasa),Sub-Saharan Africa,4.418,0.094,1.125,0.357,0.269,0.212,0.053
2019,128,Mali,Sub-Saharan Africa,4.390,0.385,1.105,0.308,0.327,0.153,0.052
2019,129,Sierra Leone,Sub-Saharan Africa,4.374,0.268,0.841,0.242,0.309,0.252,0.045
2019,130,Sri Lanka,Southern Asia,4.366,0.949,1.265,0.831,0.470,0.244,0.047
2019,131,Myanmar,Southeastern Asia,4.360,0.710,1.181,0.555,0.525,0.566,0.172
2019,132,Chad,Sub-Saharan Africa,4.350,0.350,0.766,0.192,0.174,0.198,0.078
2019,133,Ukraine,Central and Eastern Europe,4.332,0.820,1.390,0.739,0.178,0.187,0.010
2019,134,Ethiopia,Sub-Saharan Africa,4.286,0.336,1.033,0.532,0.344,0.209,0.100
2019,135,Swaziland,Sub-Saharan Africa,4.212,0.811,1.149,0.000,0.313,0.074,0.135
2019,136,Uganda,Sub-Saharan Africa,4.189,0.332,1.069,0.443,0.356,0.252,0.060
2019,137,Egypt,Middle East and Northern Africa,4.166,0.913,1.039,0.644,0.241,0.076,0.067
2019,138,Zambia,Sub-Saharan Africa,4.107,0.578,1.058,0.426,0.431,0.247,0.087
2019,139,Togo,Sub-Saharan Africa,4.085,0.275,0.572,0.410,0.293,0.177,0.085
2019,140,India,Southern Asia,4.015,0.755,0.765,0.588,0.498,0.200,0.085
2019,141,Liberia,Sub-Saharan Africa,3.975,0.073,0.922,0.443,0.370,0.233,0.033
2019,142,Comoros,Sub-Saharan Africa,3.973,0.274,0.757,0.505,0.142,0.275,0.078
2019,143,Madagascar,Sub-Saharan Africa,3.933,0.274,0.916,0.555,0.148,0.169,0.041
2019,144,Lesotho,Sub-Saharan Africa,3.802,0.489,1.169,0.168,0.359,0.107,0.093
2019,145,Burundi,Sub-Saharan Africa,3.775,0.046,0.447,0.380,0.220,0.176,0.180
2019,146,Zimbabwe,Sub-Saharan Africa,3.663,0.366,1.114,0.433,0.361,0.151,0.089
2019,147,Haiti,Latin America and Caribbean,3.597,0.323,0.688,0.449,0.026,0.419,0.110
2019,148,Botswana,Sub-Saharan Africa,3.488,1.041,1.145,0.538,0.455,0.025,0.100
2019,149,Syria,Middle East and Northern Africa,3.462,0.619,0.378,0.440,0.013,0.331,0.141
2019,150,Malawi,Sub-Saharan Africa,3.410,0.191,0.560,0.495,0.443,0.218,0.089
2019,151,Yemen,Middle East and Northern Africa,3.380,0.287,1.163,0.463,0.143,0.108,0.077
2019,152,Rwanda,Sub-Saharan Africa,3.334,0.359,0.711,0.614,0.555,0.217,0.411
2019,153,Tanzania,Sub-Saharan Africa,3.231,0.476,0.885,0.499,0.417,0.276,0.147
2019,154,Afghanistan,Southern Asia,3.203,0.350,0.517,0.361,0.000,0.158,0.025
2019,155,Central African Republic,Sub-Saharan Africa,3.083,0.026,0.000,0.105,0.225,0.235,0.035
2019,156,South Sudan,Sub-Saharan Africa,2.853,0.306,0.575,0.295,0.010,0.202,0.091